username;TBTL
00b6dd4fc7eb817e03708c532016ef30ce564a61;7.24
00bef8afee8f3c595d535c9c03c490cac1a4f021;8.11
01122b3ef7e59b84189e65985305f575d6bdf83c;7.3
0134f9f410c65ad0e8c2254a7e9288670e02a183;8.63
013de369c439ab0ead8aa7da64423aa395a8be39;8.2
014c59c6433fd764a0b08de6ffeb757eaf60aa73;7.5
0155f91fe242fe55e1af631b0f0afbe9938b185c;6.42
016f87a7bd87f233a8633fba8a1ca7ef5c3c63c1;7.23
017ec1bbad0d598e5a86ac3bd595b870b6456e61;7.34
01ad03ec301749c033155fc17e657cc767d447c8;8.59
020ef1c31cb4751bbfa1a88fba782db3c402e2fa;7.41
020f253c343856ea875e959023e79fb1d4d9c0a3;8.8
0248e16d134e1bd5b4352701e1f23b904b7c4cdf;8.01
024af5e4f76c23e7f08616c60e595453e538a1ba;8.6
0297fd76b36e100882756e636bb03031255f57da;7.62
02c88d535d7393d30ce3338174d0a17ee7e8b8cc;7.02
02f8a629f1a01a476de3944da2860d1c107f1b28;8.19
0304aa9c12a1c900dcb4413c6a4ce40cc05b1696;9.04
0306a80129ed6d5afadece8164929697bbbdea69;8.41
0341249377940c004d0823408ace7cddbddbc923;8.7
035f97702f2c01d26ab1fae8f39ea2f98a0caa3c;8.18
0367f82909c46a900501cc32d02b913923f75314;8.63
038dfa39ea11eb199e32e61fa4bd264d6d7ebc72;8.42
041dc9a457bc7a9f1dcb5b215aaa78a6868483f5;8.76
045792bbf5167d31c0064c8520d189a09f276502;7.61
04d32bf7b10a238244d3e1acc3bcf53a449daf99;7.23
04fea422f4b51279771239f896f7acb7224a2def;8.58
04feabadb3e2d863eded075f541be8ff78d50474;8.3
052039d5c5915699359b1d549b36ea69330c0ac3;8.29
05203b8a827f60a7cbb49a7d04a0b45dae39fa8d;8.02
05218d5a6d67f5c1d6305dffb907e940260304c1;8.32
0538762f44e8dfb07dc26c8c771f06080b9b2dee;6.6
056711f171807d5b28f83e7afeb3d7e18ec3a5d9;7.61
0577e3c1b0a6df46c7fef07f400b42811cc77250;8.86
057b868ab03f5596f4a8c2e579c401f2fe9a2dfe;7.89
05b134c1a682085880fb7ce76d221a48955e5b8a;9.13
05b7c7d664702d3677ddbf5a03e976e24b16544c;7.28
05ed34d40112c0d0c446cb9c00fa6e14851a7aa1;7.97
05f7b04136abf33daf80973c0942a91751222e1e;7.56
0601ede7fba3727ac6cae3653b12cebafea42863;8.71
06024da8147b5cf6105beb4c403f67cf1ff0aea1;8.5
0603b8a222e368a7727190b2883c7ad7b96ce5ac;8.63
061a128e882272cd17340c8feb637cd0ff9e5dbf;7.93
062e8c58d3f85428aeed19095d12dcab6806f2ac;7.81
063c339a318b967ec77cd523f9ae4c62a7afa083;6.77
06490d06037ae75484a0a36a7a46e126b0b49495;7.64
0659d0431565eaacdc601973560ee8331f910947;7.6
06b43a9d40f16603a72a6333318a5086b7bb7e12;7.65
070671333adf94dadc433fcafc872c6301dd0744;6.81
073de6e606b6b7f3f44a8e8301ee87c3c978a2e2;6.27
076cc92aff4d582b4b87ff0d111496e4a646b12b;8.87
0785a61c54bc37c6ddad3c02b29d1f9e15adf85b;8.66
0799ab89dacde8042474f7bfe75a739fd151b73d;8.75
080df7c3716ee6b773c346c67056400fc235ffec;9.28
081cbf0e54173c1b4c90be93a514521bc9c710fb;8.15
081f6737145108d2cfb3e432f03d59670bae3ded;7.96
0821ac06ae77101d7dd9b8dd103f79ffa46657ab;6.67
08399013cfa671c37b50b71ef25f1b2fd606c009;8.93
08838c74dc4154d8f49b1408d27fb46ccb92d329;6.87
08b8ccf18df77b125fb5306e9ffb55ad284e1872;8.86
091ed1fe8fc042e202205f09f3d49a065c0f4da2;9.2
092370bceb84374c83ca09e8d8f93c837d923bc7;8.34
09cbbae64d03af8ca53224aaef7657171ba27f50;8.02
09cbe188b9d1e965edf6c1c46a96b9306ec2f329;7.83
0a2c78cee9afdc522c5f0fae46937138f47b152b;9
0a99205e11c0c6d86b348a926f693d6529e0210f;8.18
0a9b6ec3e82e8a2527b21eb3420a6d9b72f4f71e;8.72
0aad9682c3c4280eb05dbd27e6cab55f4b1ae4b4;8.54
0aaebc88f6106684d6993c156104c1ef36cf94e0;7.61
0ac20d28419a43394bc94b257c7aab70e87f1675;7.31
0aee33404db5dc946de8c70be37c6e82582885c6;8.84
0af47eed4e0bd9c21637fc39db8fc17fedb6b1c0;7.11
0aff6f7083979073168bbdd6c227015eb09eced9;7.38
0b066d297dd2f4288d95b0f4a92a8af79b542bf3;6.41
0b18b1d653e0d031e1aee9129432b668c4264d3f;7.3
0b26c12ecc1bc4c1f127d5e6f6302b1b0b584faf;8.51
0b4355398b9c16ac0a7f559752e83b655f5aa6c7;9.13
0ba5c041f797e8baecc5f32034046994b801cbcf;6.89
0bd2037bf68a97753e5e67ab55dac026a649f279;8.17
0bd4c0cd006b55dbfa7806aa4b45926119ce9540;6.93
0bf111a9caedf02804f6991792490e63bc21058a;6.67
0bf71ee0dbde0fb1033887111d3094c61e66f44b;8.93
0c67423aa82630d4406e9477bb7462db4df09c4d;9.07
0c9cad573ea42e5a8d9058b834cbc9255128d54b;7.93
0cab57d7705bafe60116d29a1019a774cd661f02;8.53
0d05b13c0460dbd3e3e99537d6eb4665b0dd194b;7.17
0d667a9fcdc7162fa7182f0e14302a56dbe700c5;7.96
0d815307d5307124d148bbebfb41497230c4bd15;8.7
0dd138a9a2b0349ede3fee340cb02e40197aea3d;8.18
0de8af23bfda13f21ed67e41a5aace53ff8aef99;8.02
0dfa65b4dafad47b15abbfd6c6ce1aeb213901cf;7.7
0e0d9e9f9bc2173402e77be7eaaaf0d562168009;5.89
0e346c62a6706465a1c49c59224eed1cdb5f7f5c;8.43
0e51dc16b3d9de6cbcada8abb58ddeddb448b6e8;7.21
0e63b2194be2efd4b5b5f2b6e2d77ac12aaadec3;8.65
0eb93817d6eb3d5bd3e44dbc75971eea193b924f;8.94
0ee9ac569e379f04a42a18c88cca093ef1121ab8;7.82
0f0664021ebbec70b1d3bb5a5419e22507179671;6.61
0f8c46242826be3cbe5e14f5773ee1da97697024;9.04
0fbb7000a8fd1f413cd7a06ec7baf2b1f6eb493a;6.43
0fbef055915162cb6d6501558499544d6dedb799;8.6
0fc728b5b267485042d587eeac067b6c4e2a1d15;2.52
0fc74820b7bcdd23c196f494e7686305acbdc71e;8.1
1004df3c370eb09604c10fd89f9e86a2c037a7dd;6.26
10208a0e6cd46ed16c4fd6b83f3993696ace5495;8.31
10253729dc5e3b0b2d3dddc37638199910394daf;8.82
1032e725ab35f7bffc504759477f8243066a026b;7.93
108f1062e8ab6d51f404e7f639e781edc9ae5eb2;6.37
10ab3b376215f6afcfc642ea66a50f92cf944717;7.93
10e3359db56b99eb2f621d7c875f3c26cdd01a64;8.67
110da1d7ba2be3ffa13d62c7ed8b917e5dcebece;8.79
1133fe0ca8444133bea1e55ef5b4026b5e8445fc;7.74
117d3bf4a5deb7a9f3422f088e10bb3f8eeb7e12;8.33
11f5d8226ebf0108a5a4ecad896a990ecb369247;6.82
11f61032ed64123d44a372930101fd5f3877e010;9.19
11f93249faeb096567269266fbebfc3b0f6b5dc1;6.06
123c4ff5313ccf709b3bc4bd3365087685440c71;6.57
12607a7c2283944afc08e1ce4df79ba688a31f74;7.91
1271071dc622e3a72b0ef187b6e955b9d59db5f8;6.08
127974170c7fb2e3945a3c5b666bb7f6dadc87ad;8.99
12887fd9a4df4ba9b88a71f3fb1d2502a75995dd;7.78
128ed4bebb12d030efad936db13d26a620bd620a;8.65
12aa60fde9ce650c25faf60398d3c071cb80c1b4;7.66
12d6e24985ac80a581968fb1f36d699e6dd1cd33;7.19
12da07c3cca4f480a6064f7cbedaec11d677814a;7.66
12f1e26c28f731fd2ad1787db42f4c13de432ea4;8.44
13293554378a8a5f29de5440ab1c49003af0214a;8.69
132d544dce1633485350dd582ed7f13fad5da3f4;6.46
137ffd846ed245676a14f1d5e8676a4ef646182b;7.25
1388c66d46212d87c084af2a8fdd0257444ce868;7.66
138c5848f009c004f0b8e2379316d5ec18332ff8;7.48
139aa923bf965f373c678ba8c10f500d78269e20;8.52
13b9e4710dc86e953960ebd2fbae7721d24fdc2a;7.08
141e7bebd6db0745569c97910301a67c9962826e;8.06
14354d2cff31b4330ad9e939b18cc8fce8c1c085;7.54
1438feeb138cf0a2ac3e5583f5caec35e3104234;7.7
143fdbefc9ba427b841fbd52b7999b2a996562af;7.41
1466659761d4827040ac1226fa45ad172c4743a4;8
14a29b0a13697ed0e000bdb9f374180ccb495a2c;7.59
14a493d035053a109eeeeb50a501d2b69a8ec429;5.89
14e9c7d5220ae70aadd1e37038e74bba41439d65;7.22
155290f106d7951f353d1290f55d95a5a1535e90;7.08
1587f82c10e4a0f4241b317cba4fb5691bab07a1;8.76
165e4e596c3bdade64bf0bd2491fa8234015f0d2;7.61
16a221ec975ec0eb2fcf4acd69fe87281d585ca7;7.59
16b6e419367318f9a3a28439ae013d55638ba0d3;8.4
172ed6401f9b9f97f6603c04fb2be3a83d495f12;7.33
17b62f15056932dddf225da7f5e30911e316f7ed;7.49
17ce312f66b2f6b7c5766e4d5cb1f7452aa20911;8.79
180a4c5f90b6d7bd4993c51385fb00b4d32d2834;6.68
18fc5492e3a88861f35c23bbb2805f724c1a135a;7.8
191ba6c8fd27e676f8c2f5341bfaf487765fa0dd;8.07
195aa2f618f1001a6ca4da0300dd8bb798013a73;8.38
19787a8ba9b724902ceb45f483190f766e9e291c;8.63
197914fcc84fa89dd136503225f5ecdbecb2600a;8.59
19bb25163e0a13d6d2b1606c92e1366ad7fd8341;8.84
19fb6947af793def84e3b7ab4f867bd460ad1b73;8.53
1a116d1e7d5af20a32ad9d0232b6803c70f7978d;8.12
1a4b69992c879b4e5f64e848ffdddc2f2f401e44;7.09
1a651a0e1038b173950ab2be4fb4b3016d617aa6;8.71
1a68900dd1fd8fa7892cc9450d53e991ca241785;8.84
1abf62f1e76bc5ac164061cff2a8171d6b6de657;7.44
1ad3d49b185ea0e42354cd94ac86c60ae982616d;6.09
1ae3ba4f07f87302215a9b35d195bfbeef187ebc;8.99
1b248f11648c9000f277a02dc5d4bea3800ba43a;7.78
1b30ad6d355a521cb70e2eff2efe28c3d2fcec9e;7.51
1bb7bc7fa80594c77e224e8f9632c765f26838e5;8.83
1bdf6175e8df831b083615bea765e48098904986;7.7
1bf00adb6ad4cfbed2cab01bf71398e1ed9db042;8.23
1c095c774d9d1d3a4ddcf533186e7146fdbf92a7;8.85
1c34dfe9c77773e6949a4d248b25897b3f78349d;7.61
1c38445c67beb9a58777c87a9c059cea1ccf2223;9.59
1c3928fd78413712a00cd78e6ec020b2cfc666fa;6.68
1cb262ad711450f9a6a0f5cf786788b17d2d481a;8.14
1ccece483f66d68acf592f017c1b5ca6c682542a;9.53
1ce192d1bbeca43c01873d6cd5a6318f4050fa56;7.42
1cfda392887d01754199fa5f5cecf6ea3c9b0fec;8.11
1d1a20a6ce616a1b0780f5c86f1f6cf9f7c9a5ff;7.86
1d2f411ed3ef95a96dea54ce6a09c0d0b65b6a7f;7.63
1d5ba7c1c8ab8d16890eeb1772560ab942c42003;8.63
1d9024c71085dc3822bac092baef8b238c3b497f;7.81
1db86260a9c5f649ae36ccd97c36920df2d51d20;9.16
1db8dc5d1005cd6d742fd9bfba759aeb2babab66;7.09
1dccadbfae8f0adb300cb239e727b2481e2b149e;8.24
1de22c51fffa76f33c3a7698a3f7a9e6ab6be9ac;8.07
1e055a4ba4266c760d42cc958ce119d344f402f6;8.82
1e09b1a5541a443716e68239b181fc116425a9b2;7.25
1e347993c7fb0053ac2a1b01b6b6c5a5fc3dad9d;7.94
1e48d7fffb4fbe08eec6151ce5b2378258d13aeb;7.73
1e4b0ce4b171b3e33195524f6a6425a1b8f98597;7.74
1e59ca9160cbe32a3bebef6df4339e30a16d0dfd;6.98
1e6562ac23e7980dcf32fa8963837c68dafc906f;8.35
1e87dd3db07a664f4eb34b7e0a3ac578ca8846f9;6.34
1f15254ccdc062083c8f4e02523e18c2384dc6e1;8.29
1f641156e4298943167e0e1ad7a63696ff3bc17d;8.32
1f7be2d565e2629c4ffe64c30c41252de69300c5;6.41
1f88d783ff0c3a19a1d34b4e45d71b4f9b14b976;8.56
1fde2156c0969b0aebe55ebab7ad14f529a492cf;8.37
1fec28e4753dac81fb5354793029a3a2f81c7b7a;7.23
1ff3bf1f9353578bd902ce0b3879369b46c72640;6.26
2003e05bf78d3b5b7f672aa1d02ae3aa0537706b;7.72
201b7f1b1071911915956b1d54f5b7e69a7d7cb3;6.58
209d7c77e7a150b6990a3372f7cb24da0c0e7e07;7.07
20efb5f5c748870210f094db59aa50c4360d32cc;8.39
213a1a52e92bd478f671a4e614a7ee5b82ea4b91;7.91
213a48a8028d2dd6ed42c47be4588ac5a909076b;7.26
21661552706810e470f97f098927a2b89d9b9eaa;7.93
216a3ccb8504db72c0b5ef227b00d61d2e2ec7be;8.58
2170453bef40f448016841b0ca5ad2e07143bf5a;6.95
218191f4a8648e65ada28c23f52f578dec21cd98;8.76
21a401ad12c3345ca4c3210d5d3c69db10526b98;9
21ab308abfa9829fcac76f8286d624afae8848aa;8
2290b12e40983b7635bc452c3b6e00c80549220a;8.09
2290d198e0649ef4dcfb6cd22d36d87969fb7bfb;7.92
22deb5e56e580b0b0353f10e076cad95a3b8e631;7.59
22e1f50c4e471c3ba307802b396b7d0a16706005;6.81
232cce96362898f08e9150ba244adaf2d6583ab2;8.37
2383a9a33025aa8759fee9a890f6420df0fc8b47;7.64
2396ff874216d36060ef615c0531d71684b30b4f;7.67
23d64bbdd55f11cb1d617be60d7b5901c5fda2e6;7.6
23e8b9776a349c810234bb174f7326d14c89bce5;8.73
242788be909743713c5ade123c9f0b13cc4b2db6;7.7
2427d12cf7a43c66b921bdd9de261fb9b452b2b9;7.5
247df99ea72a42d6c12d6bd7b58ca0b2e163182e;7.39
248ff20c10b7d18c30fc84ce214936f5bb440e6e;8.42
249c629226d7716b59d1841c45dbca54afe3c1a2;7.84
24a9bfba88ed640e9690cd9f6bf4a2985f78522b;6.65
251d2672c6ecd01a83e6fa19483d8e57ef5f45a5;7.68
253471036c41eba7c24bbb6e77d4541c95bbb5b7;7.61
2536ee746de2df68642ecf71037409e47fa1941c;7.76
254f59f316c0c9e98ce4d4ac6cb1718aef6d9f00;7.71
25501bb976f5234f69a8cb767dc5b4ab87a9021e;6.23
2572a6a2ba5183ab68c3da80b69071a6a05c3b84;8.84
25fe3c7b5bf2d814b49ed3523b5a27c744ae5513;6.49
26227f631ff63a4f02f7d69bda90131df9bab5dc;7.14
263102b5e7fbad9de96373d99c0697d8db856bb0;8.13
26374d5fbb53e326323e8de92a0745452c1142cf;6.95
2639449829463fd12c2b9ba6fb9ea1c56e94385f;7.69
2639f9f46c6949536c784118cbcd036cd00c075e;6.46
263d37689dbb1044d8118782303415a1eac550df;7.45
26b95825d4fbeaeda7cfab5f5e7cd96ae31097f9;9.06
26bf2e6d5a634712af2f46b7057a83a4052ce9b9;7.68
26c932032169ad849d274427dcbdcfb190f843d8;7.17
26cc2520b79b2222de0037a32fcaeb81c09f3002;8.74
26cdb442f5361c690f8045caf5e026e7945e1965;6.66
271c95c3471c6588b4b9ccda962ce197fc94a9b1;6.6
2785407c3fa2ce2c79a914657d9a4610ae1e5078;7.43
27ac09df014fc0454129c9953b06f2dd9b997fa9;9.04
27d6037b0e6ff9972c80bf6192062f3f2e8b076f;8.02
2813d0ddc37e34a25e798ebf8c8ecb2fc659e8b7;6.25
2826a109ddc9b90686ec063ba1f90c72c655f8e7;8.04
2852641e2b7b084ef62df976d53340ead50e5e76;6.38
2855b4b4d03c37c94117e615a25e0e321ec8d77a;9.2
286ccf0d6187c170c299fa64d15a3705e7900a33;6.38
28940a6516bb354b4172fe3524f8b7328a5cf2fd;8.27
289a5bdde1fa9c49f221f19a10f636e81da724f5;7.11
28a0f5e69c747c78015cf8fb0eac804b9a733bb2;8.24
28a125bc7a4d79ba10eeb2abdaa878d46eea4b32;8.53
28b6c6604b111cc912e369256cac2bf944041a2c;8.39
28bcffd0bfcfb54b43119a7b5397a3bb53278e9a;7.61
299ff5851760da9a9d8b8f218dc82b573a397d51;8.94
29a9c1bfe53383e21dc534379f5fd64c4efd4305;8.83
29c9f517c368a528325a1e38b51adf368923bb04;8.51
29e04945ee56ed79c4e07198c0e66375428284de;7.79
2a6a418be08d9f0184a804b2700a0d58950b219c;7.1
2a8f1b3e408879bc12a312938c32061d9e29a4e9;8.03
2a9497dcb278dde20143d0cb9a57e5cdf3763a8e;9.29
2ad77f650b2381bbdcc0011fe5d9bcffcb109831;7.82
2b1f3237bb60db7f72540e004a1596c7ff3fd549;6.84
2b96fc96ee2e0090a42957d84ccd09cda2c72b74;2.56
2bae7a494d77c9c7cc0ccdc65a1915d25e31d2d5;9.15
2bfadd9c6a7bdbdd1ae792e0225b799ee67453a5;7.71
2c93a0edb553ae495ba9ca047361240c278f6cf8;6.65
2cc30f03509be89ad3bfd483b2bd69c999798805;6.41
2cd5132c3c49bd9d4d5081e386a4d69a593f850a;8.02
2cddc42a00117daf32501cba07d6dc181de7ed24;8.7
2d450fbabcb95dad1b49ce3a6c70ee6fd9ed6c68;8.34
2d621dbbe38ec756f71d3d1ff5b1f2de707330be;8.83
2e171212b96d4d95e0857baadfdc55455113dfc5;8.59
2e1dbf534b47dc518c2d4d577d312f6969d9e6b9;7.33
2e22e4cd67d6f2e9f70782c69e67f4d15bee7d1d;8.61
2e2fe98cf7d490aba85a3eba367d9512bac08ce2;8.54
2e8b47e527548d947c688069d4a5c60ed67ace19;8.28
2ebc44186d8093752e9c9ad97b67114006718300;7.51
2ecfee45346013cf126b75cfc8bdd2ba3b0c2666;7.54
2f2abfea66cd61a09939960e751666a2c0913430;7.38
2f465acb00ca28cf6a7ef4b71b4df1208eb8fc8c;8.52
2f4cbc9afdd23132d572c5f7a81b4e9b19b8081d;6.89
2f7bdf97a5978e8b7a4b3f69a474540c0c38498e;8.24
2f7ef2d7fa25c0f8d9de0a5ca7301041b9d08e4d;8.19
2f968a678a61cc1179708dc2820405e288ca9c67;6.79
2fa2244e6e21b8799c5210d92f8966838a43783e;7.91
2fa311a94bc0da6d97955730d071ad6fcc770bfd;6.82
2fdf9d089409fcb9c3728b0a61bb0a00fcc85db8;8.97
2ffa1b41cbeda2e9683f9d608b9dccdc31323452;7.16
301483d94b9efd8e7d95ca45979a6583215c1d58;8.64
3015441ae521554bb4d04b1e3bad620170a43d79;7.51
308b8bd2a17694ea81d601d025d5cb4ea6fc1fba;9.04
309abbd71d6dc57c03605bdc4ffe90dce74c4f10;6.76
30af7a50bb0bc62e730b65f59788dadf102d49b1;8.56
315b83340476d3a8338543ccdc95dbc86bddb3ab;7.45
326a025b5c23347b9eb2c5ceae75a5908a461f69;9.63
32991cd9c0115e4bd4387c8fa3ed559f4eba345e;7.92
32b47658ae606bb95f1bbf1e1dc86accc255e926;7.12
32ccec47f44931be75b93c598cb145c4803be980;6.18
331639421af1df525391f1013c5363683efb9f68;7.63
334c7722802329509bf82a5cd7b4a38b5825cc42;9.02
334f25ceeca6e440b1210f205c253cdc8d25942e;8.46
3399fb9cc4f115ff1d6a41cf169d8ebd200c3418;7.04
339fff79c43561c995b29972a962ccec846c599f;7.46
33b16210a7736a6f75ef1b1f3cb7070a4d29395e;7.77
33b6ac5e8631fb9ee19cfaf3dd4a93928d47bcc3;6.67
33c1babbdbffe79f6f16e085a78ebd0b2a7b3a65;9.17
33c8bfb97b43132f0054b97a2ebb0f5f3768031d;8.56
33c9e776300c7de11e0736b069b8e5042372d418;8.65
33ead7fc0a3cd59c67bb412d705c5f5b9cedccfe;8.81
34283eb36b1b51da5126f973e69199151b8f26c2;8.23
346583cc308681a50145af444a26fb217df305c3;8.87
3469c710d9f5a4ef230caca3f99b1ed21411732d;9.45
347b6f40dbac97bd24c857f37744f2c4fd590cc8;8.75
34a00f81f528b38404f04d9a360e73fb17b62031;8.59
34a187324e5c8bb2723a6f51a038acfef94a7538;7.35
34b6d0f0fe1617146945db60df615d0d9bb3a4d1;7.93
34f6fd0da81e68652a26b633fcb7d4d4169e2e75;8.79
34ffbe3d2820a74472b93e9dcabc0e17f75e779c;7.95
357ec20d8f9f416f9b02b0f54a81d3f409d074e9;8.61
358cf36e763ba00426124c74961d59614fd9476a;8.62
35cc3e4b8108e6eb405c96afabb167d6c0f9b50c;8.75
363d3494b7918fffc4e59beed6c76eb7d05b2c64;7.31
363f5d64f8c70c78376d1b5f9485511daa5a9d8c;8.06
36a292355e4b31b866da368ac2bc7902a72d4db2;8.61
36dbfe4759f861ee72011812df2178cbbfd736a1;8.15
36f6af52bd08c15b005618724931a558fa7049f6;6.63
370a904c5a7deb4ae08f111c87564b0180d572b4;6.61
371922831538deb39791562bd384acdf91531999;6.71
374725662b17c0d200a5d372579406bb4d830bb5;7.74
37593f2cd1d978efb79e32ed6981b74ad8523ebd;8.51
37fd8930995a4978e8378d28a84e0aaf3ad85c2d;6.67
37ff40068998a37a4e2c73bbb325103500cdb0e0;8.74
3822d529be3c7a49da411682207b471d61822610;7.62
38397f1c58351146edd1787b0501bbdb31834abd;8.03
3841fabcde0188d8dc9b3060cacffafa3450ec85;8.39
3853851c5433317284f37cd530d642560effc35a;7.15
3886b365ce33e5988c6c8a73eed09ac8a7c784bf;7.69
388c0aed9f437cb576f998892257a1a9410d1a2e;8.91
390881963c5fbcde08d9cbc2ec73846bd8eabaa2;8.73
391d18cff3df066db6fcc8dad718d325607e5493;8.46
3949c822529f6d98d518b762c7b49b030685ddda;8.54
394f4eb7fa3337f92a1148e8e9ba1727995bc8f5;8.15
3954b15205238530f2cb3b66db735fad6d0c8fda;8.72
39713cf2db02601e4bd6360ba70f8013c0433f48;9.1
39ab839c37c0269b14691b473ad894ba12e1afbc;6.77
39abf25961f2094474ac7c9d9d85735ecfaa10f8;6.38
3a1431fdc38caa2d40fdd0df60f76683af53a729;8.46
3a25a7b40408f3636b36d763cadc72c5ae6b628e;7.05
3a27f4f6ce9cc005a8f1a5f7441d26db75c9cd2c;8.14
3a3cf426569ff3ed1638fefb8d0a7bca73e0bdb7;7.34
3b0e56cb91cf7c26836c7fe857ef2fef62c2031f;8.29
3b24016cbab8b8632a54240fed0a17406b35bc65;9.06
3b3559f14b77090ee6063be193efe80b19bcc591;8.42
3b5d744051772f15e4bc3167d749711fa798b0c1;8.66
3b951429b4166a9149480e360687549e1069a209;7.59
3bdad6ba65de3948b9939ebd98d80b03fe3f8e93;7.09
3be1500e597852e42bb7fe17591b933e0bb44f93;6.88
3c499f0944773b5ae529a4356d92df5ce8ca7c0c;6.88
3caf61bb383eed4daa553e074208e84cdbdd7df0;7.26
3cde31c0a8378da5d6c2767652ec108deb9135a6;7.06
3d085aa7161eb03884e0a1e98d90f8d46e030d1a;6.34
3d0c27e5e776d4ebe788c50a8da1a1c9215ae25a;8.1
3d185c0c28fcae1ca2f5876a8e2e6681b38e5af7;9.02
3d1c486e68c08c272379fe7eeec4d38e75f54ae8;7.56
3d4f612148056feeb651f4711c1f640f5015101a;6.15
3d8d3a121d5e9126056c0676ac7ad2661696a572;7.46
3d8d550e8b7d9a0629bdd8e0ae73f8f0ac74b1a6;7.4
3d9b6ed975620e48ca0a5aee5fd19f5db1db3b18;9.04
3d9f8d11f15cce877a0766d08a6a920548041407;7.93
3dd2f099bd4cba1acad185a78c773972d450a899;7.63
3e19ebd05fd2cc465feff2f681011181a78e1341;7.96
3e572871d05f7888784ac55985fd52cd1c7aaa68;7.96
3e72f16a86233e81ccc2c9831c0297da6cca36e6;7.87
3ee8b93a31b564cdb14f3d62f08dd862461e0918;8.15
3f679f9f5c3b6c2a026bc0575cf7d5f3351a8db1;7.75
3f92f0a8c1729579c08e921fc041646ee2b50075;8.03
3fb53c585faf97ed5b0ecb316a4b419c969b790a;6.31
3fcc971a36a031eba3d5b8ce7a9181a4732a6cf0;7.69
40291da6897472b56a7ce6a0721a801b5014d3c7;7.92
404b067bd1dc212fb28d256714a9dc430d5e65af;8.7
4058bd26eee2f8affafaefd2b59b97c358e826cc;8.49
4069b40bebe0372926fcd92429f7431e300e6b52;7.13
40741b5b2ac93f9d0eacd4a28b48508be0a378f9;6.33
40a41a33c4e0168e2716a09cecc11cc3abb5dbe0;7.91
40c0843e6cba7960b4a4fc631d0831b9242a9778;7.03
40d6052a7ccec94dae8348e5249381afabbbc985;7.13
40db6a6bd27b7f2fccb0ab0e4b97b2e64d5e79a2;7.72
41438ca9420c379467e8ca3456fc003d76bc99e2;7.73
414a76fbb610cfb396dc7177dfe67944fd7175f2;8.56
4178750f206a91c5b1cf0c5ac6a4021d23912736;7.86
41834c311cf35264cb9e6357eae499b95edb73b5;7.65
41c2ea992ebadf309d399ecabb99fba4487e2920;8.24
4203f7e50c4e403622aeb1b6d39ca45285510aa8;8.14
42510054a233b7b56beccee99fdd4543c3cff388;8.7
42fedf0a6f68d54738709e096f9352ccb17dc072;6.69
440a4bdda60ec044e91b9e5ee5c478c20bbbaf7e;7.87
440e56298b04156381c3f648f175b8697135845b;7.93
442024511cb1c5761a86578910e28f236daceb2e;7.71
44327e7dea2e5f69fea97c9333f7cd64484303c5;8.17
44557bbbb5013bd2d980dff1f4b5f6b47cb1363d;7.57
4455e671bb93d6652e42fc0925b3cc47cbf6326a;7.84
448866b737d07d7d184e7c1111b8f50d1b8fe91b;7.42
448e09eb2299c7bc3435e9a680e5e7e81b6d732f;7.41
44ede8e2b591b3b54fc25469d50e442459da73f6;8.42
45147b7f31a588b0c4245845675f7856f4dfae30;7.49
4528fc0fa6d591a221aba2cd316264877b73bbb9;6.56
454c509567c0f19453009731315e3db245a8c756;8.12
456ba3f2e4bccbd1146955cb3f0438260a04f7ff;6
4586b41a1f104874583010a544bdd65113d2666c;9.13
45e8b53fe4fc590dd9c7564fe2c6fa3ede58fbea;8.99
463ef2266d31ca7f0bca92bfcc9ae7301addb58b;7.34
4644e181d653c04f17f76eed400fdf52a43b2237;7.84
469c5d7634f0e3277f7bc8edfb3d9eb291fc6199;8.57
46bd0614cd76a4fa3af7d06e5feae3db673a43a1;8.54
46c1ebc62f7d6b099a6696755c9be3b984d2a27a;8.13
46c49850a9aa3be9f66161090ac1f0a8796b19ff;8.2
470647470caa15468e461e105a8ecd3b25a912f0;7.94
47aceb292c673f98f059ec36af314cb1c8894405;7.94
47af18d4bbc37e11d2c5130faaa8b2da3dba64ca;7.88
47b12b77df06d36f3a51ad5cc5f0dff47ddc9103;8.04
47d128f1f6010bd042dda2bcc68d710956fdb74f;9.04
47e01709f5df0b8793de34e70e8ddd9f8aa16d60;6.91
47e1eb91096f9e59b0faf185a88d41343c073d83;7.11
4875a2f817d7d08aa0437c70c33eb2c3e8c20d65;7.82
48832ca57fb72952c11805aa0975c2273273ba58;7.3
491ae8a65839fc737fb2c3e6ed06b990c7f36dea;8.32
4932174dcf0408a7eb862930c9c6be33d30825a6;8.29
49428bbbf72ee0208d581e31efb1db2dca5605f4;7.03
494ceabf1266854738ca9832b601000a8a3cde24;7.32
495933d0ca16d77c1ef1587e29f5477513109a5c;6.51
495a7aa30e85503d9a2027af83cd32af0eb7b030;8.55
49a4785cf7286dbb18206e3847f164b1af1907ed;5.6
49d11fa2e8d68ac09ecdacb94a96c95c95205ff9;7.26
49da363dc17a0db86c70a20f515608629bced9ed;7.02
4a0f49c2a5e9766ab2ea0aea95a12b763faff0a0;7.4
4a2ccd362270a02afdf8a1647576ba56a525fec8;7.84
4a8923bdd6d76861d91dce4b2670c04da6b45350;9.02
4ae698929993e35feef8c07911edb16212f5cf4d;8.47
4b09f1427ce0578515148e3300abcaf95ff3511a;7.83
4b3052a36e3e54cb3458984b0ffe5f2808445353;6.43
4b8a55e82d9825fa7440b91e638577957567752d;7.13
4bb463f3e32f05b9a1e323adc2a51603dabc75bc;6.84
4bed6361746e48435a9be358a5bbeba59696ab7d;8.71
4bee553c59acf1a22de81ef5c794c44f6371da0a;8.46
4c0740a4fccc2e15f52d77bbaceccfc1ffe309c2;8.79
4c390fed4ec7007f13b91f39d3d4d9ed101299c6;7.68
4c67cde88abaa3210919405fdb1b202dec23b08c;7.9
4cc8a421bf0c776aae86c3838ed759171d4cee50;8.37
4cd092562ee4a06eb01e8bd1e9cb7e169fc38c92;9.35
4cd7de9870e18e6ea8acbc2efb5f4fe9c051b09b;7.57
4d234ae70fe14c2d32bfa01c0ca7cefc47d68703;8.6
4d38a6fd027c342a0719d9e7d0f6bd3e820a238a;8.11
4d3eb0a9c08fa8d2fb11d00af22f7d582f106019;6.48
4d5d641551d82c1f733620b5d8ea4359ba376593;8.56
4d5f92f22244e37d20f783e571539a2d2e4e58d8;6.92
4d9d9337a0bc50984b35ecd772dee54b88ade32f;6.85
4db33a107c9a32cf80e08c941fd2c87888e8de8e;6.13
4dbe8c25b64077b21bf5cd971f115f2e32109c44;8.16
4dcdd4c95ba88786172619ebea8aad4ec757a150;7.01
4df0acd4131767bb6aec6c0eba0deedb4c246125;9.4
4df58b4a53afe49f40e1c054f9a2e8553352e254;7.73
4e1cce9ed2c3033338382d755820b85faec9a7b3;8.78
4e3603a6303b1bb5fb0ec4a0d8ec39ae3e0afe0f;7.41
4e662a9d37f64c95e5cd3e85d2d5f0d5be60d20b;7.87
4e718fe3c25329ccd0f4f138375f9099d81cd7c1;7.88
4e895c502e5446c21dfe7fd758e1336d2e66ace1;8.67
4e8a3d6c3bb0e0df7e39e93b9266737cda041fed;6.17
4ecc68ce80251f0f7ed752443a85e54028a20d08;7.8
4ef92a2d691e24dbfc22f9e0e4a6bee899ccf849;7.11
4f0784758f47badc4dc66910c529236f8a45bf3f;8.14
4f12a32bbef137a864b199061b62d35b4002e6bd;8.19
4f571f241bb2d884216b4712cdcd482e310a718a;9.39
4f7428b95565a938b2562be952beae6d6983f32e;9.37
4ff3fa101f0b4c9777b996d2e1b338a529eedb6b;7.52
501f6ef9ac0e3eaee34c2357da968672bafbff95;7.34
502430aa4e945c0273cf3a6f35b982cef7067ad1;8.07
502b640d7a4830b10924009c39b4dd34a4c600cb;8.46
503affec12fb99997f583ed73b60262572694795;8.7
5055b8d5ef881bdbac3ff865d6f97249b0aa4bbc;9.3
505fea7b24ccbd0e28b51099a1e89ee317605916;9.47
5066b74051c3f9ac880db30439338aaa8fb1c7fc;7.85
50708257bf26f0b517a6fa6acaa444d13f6006fc;7.24
50779b692cc73e3ba24df84db11b8e2bbb062591;8.21
5087b52a3ea36e6b24f13b867546d94cac05b299;6.92
508e0627871ed482bd8ab34544e43e5d856a889c;7.58
50efa6979b217c6f12b5fa0990d669c499e6d2b6;7.34
50f17ae2d9048b293cc969aa8668b365f9773f1b;7.25
50fd8f5bcd24b3b8ba8c450de77819037cfd6583;8.54
51501acd2a7cda8d6f25524e34d6e3dd3c6088ee;8.5
5160b3f7714c45d60c100dd658c543831e390713;8.51
52011a00e43fa9e527dd0b121ddd133547981b24;8.5
5217ebf6230ffeecc7da9c9043cd1e484c78509b;9.15
52292d33bf302f4cc04f07ef928db72b2736c06d;7.21
5235e36e00b0e927e6ce9f6f771ef92915857989;8.86
529d7e5b25e40c18bb7ea49be0963ed7f3e288ea;7.68
52d6dd781d58e55171ace76bdfffe7181f5a916e;8.22
52f3954a2463ca97c884b6ad6d89f8fcc91696b0;9.08
530d2bc8c65a9815a0b2c7dcfc98866f760b433c;8.4
533bff0c4073c53de80f7b88a1ecda9ac3878893;7
536602cb1404169f62436284f9cdba1a7b21c7ae;8.13
5389d34e45392c6d5e8596d686b06d853e1ed696;8.4
53b56263b633c2be1e87243fd37356c924eb9a4e;8.74
541270fc6468b9399001ee5a8bfa0cd380e1db60;7.68
549b4b9f5408631f8a062a6a3b71c496646ee0fb;7.71
54d144dbc7891709d9bac5db5ee19a761a768c1f;6.79
5504396737eadc63295f751ebf765c22b35b23db;7.45
55095065546685ff2d583779d38978a2c0132ccc;8.94
55664bd6d6073e97a98788e3f319eb36662f29f8;8.37
55ef1cb9ba9a618396f8f82aefdc261d00864381;7.5
5612b36a1b2a4d596254bc506f503c7c94f82950;8.6
56925a416739348e2099293f2c91fd7c6c186d99;9.52
56a326e7e14e72020e3e0ca3f329baebc245b3f1;8.91
56b3554a4a43514e497a667b0efee344df2ed21c;7.33
56df019984fc7a155fc18b5c4ecd2f52c497693e;7.55
573b114e6e803fdee6f8c4dec2edd8fd37bbecc0;8.06
57421dc59c1514a7edc7708657e57a6439e88585;7.5
5776c4c0f98d7aadc199a8f60beab826403cf54b;6.22
57a3b9aacc40db600c87c8b2cf110418021388d1;8.01
57a668ff1e3df5afc4e593bbbbc39e9eae0a940c;7.7
57b547211651511366a63249605b9b9f4a9c3e9c;7.56
5822ad8b0277c775adf78b39385d63e7878b1069;7.08
582e4849c0e5208206789a186892a4f7ce9c11f9;7.76
5832a6cbeea8c9e6efb82a284e135cc58f201920;7.67
58616da3cef2b76fe70a90919a689b8f38ce0030;6.83
58a95bac37747ee4fd0e321770a89477f49492a3;8.28
58ab0634383006fc63de206822832e26d4c06c3f;7.03
58dfdda4538b55efcc287512b508d9fa2638028d;8.17
58f61331a385caeed17baaf54abea308426d50fe;8.6
597484c12788a0febfb255aabf5f08df62469313;6.08
598a40125a414f949647ee201ecbe39553bedb6a;8.8
598ab55ef7a383e76268b59d877afbc86fff2178;8.82
598ceb16f7935dd1dada8de4441690df8cdc9e29;8.94
59b2a9ae92876d8ce54309fe82bb92d7cffbc794;3.2
59ee572da4b7c6d711c46542482cc65bdee55648;8.53
59f38d3a08147f85dd15c761489d7e3753cb585d;9.05
5a3141c7f984f3d6c41f632f6fb689378267bd51;8.46
5a5c99822d76f4f6f1f90521f4c1f1d5e53590a1;5.92
5a70a8f9f1dac45c7332db8230f0a8a77208507b;7.8
5a7424ce2a160cc7bcb097b51942e1e1ce68ddb1;6.59
5a855637085d9d212518c84446e98888f0667f2e;8.57
5af239a466d0a8e17a8daf66709fded23576c37d;7.49
5b023883ac089df249ef06f7c8c4398f37e1c55d;8.59
5b0ac0ebdcb3aaed7a9a3aa2f9c11919ccce9555;7.31
5b30abfc32d4c33257f7cd949641935527dd4a42;7.99
5b49681d3b05fba0fa5978673a6d871011186bce;8.65
5b49ef6e8a438750ee1aa79f7ef846fcb7ca2005;7.41
5b7541b552024e94b0be876cdb63b69cf3f829d1;8.58
5b8aca58cb2c7cbcbb8918f50669eb821d5a7fad;7.45
5baedd7fbc5ed01efdd5a078f7b3809491ac1722;7.61
5c67cd01bb445f9b80d30f2c551d0d42776898fe;7.64
5c8d3dd9026554402b67ab061544d47532898f6f;7.18
5ca41a01a0d23780fcc2f122f7303701eb991a4e;9.29
5cc1caec2eb0968d6d30a6f95dd41d04e80c3f2c;9.17
5d2a4450b9548913c0ae383640f67de8ca10edad;8.35
5d7aa061832e40bec792c52ef42de898a5045a1b;8.32
5dc71a85b12614f2b7b995f3b9482d48f8e289e4;7.2
5e030103a9bd01aba1285730aa1bce7cc90f7bf4;8.32
5e092e334855a0d8739d53c39798bb26f3376959;8.71
5e3ff61182b7e63c5f353b54a15e95069e670f10;6.53
5e4d0a4d83e5724fd92e13da6474090be3593639;8.27
5e5064a233c1402d302af4de9a442f32c934da4f;7.81
5e6c70b4de90c2415359c22c351d8b827d22886c;8.93
5e854d8ecfe5f767abb76d3ce56b6bcf495047eb;7.14
5ea5bb39e36dd3e81ece42b2d6e19d0ed5150740;5.77
5ebe95d992ea2c39c13123c6174d22b6945291bb;6.91
5ed610bb14c3c7ebe34cf855871da13009ddf3f0;8.56
5ed8bcf8dcd1652c4a4bd0fc8197aaa54fca572b;5.92
5eebebef2194643799de3dbdbb098cffa856d37d;8.36
5eecd9dc3fe216cd45a2194e5f1a1d472a3fec56;8.07
5f8dfe6855d546a89ee51fdc47f1e3a135f1edf8;9.14
5faefa46d05d32e90b97c1cc9260bacd6c2f45de;9.13
5fbcd4642d21aaa8ade10f9e23e70012e2b4afe0;6.92
603ee97d90e36481c0c5a1cca5279c3aacfe91c6;8.28
605308a2fcb585adb29bd7cc4dc153faa8ab9702;7.99
60559a031815bb92037cb31299fdb443227a4e06;9.61
60c257442a0ef9aa6eb039f58c40be980bfe58b7;7.71
60cfc94f336b294be80a5215fcd8f9a8099011a2;6.15
60da060bd0084795a07f5e69e6884f7870822cf6;7.06
61291814d7295814cfccb336e38a08ceb9c7aba9;7.09
6154c47df672f6768571f878e472ff2808274cda;8.31
616bff7fefe77a5e5618f600b39cc1002b71867c;9.21
6199c36a1e584c7a1d0d4d20a1d98f19f9d05785;8.74
61c0c30e1af44a3ad57880bfab7a88591a434b92;7.88
61e1c151f6a90ea5a2f33930ed70e5a9f39b681f;9.05
62762af72b006f671d4b9efe867e66312408723f;6.21
6288d80ce9cf4d608eb41dc28dba194b1851dec5;8.06
629ae2687f58e75ac2bebadf8adb71b3fdbd7c11;6.57
62b127e475e6cafbc1906e6fa5cae8d7b4da3ceb;7.56
62b816d8d256303699a90dcb83b99804366a17bf;8.34
62bc28e18de640d9831303f80a4e44c352fb6170;8.83
62c35ca39326ade9737d75b21c46054e64ab67f9;7.49
62cba18268cc16143359b59ebc94adf65af340a4;8.38
62cf219990f892f13b18fb0ec1f08a2aebdae0ad;7.74
62fc0f9bb12436fd47d1b4750e4f17601ca459d5;6.16
63b684c9976d06a32dbcdc4685592cd713f9121e;8.63
63de421fb8d11a118ae783980d2e204b71e4f2d9;8.26
6405b9839b0179e5307afdb5117992033c2a9cbd;8.02
6434afe6261c6f3f4fdbad511a2db8ef090f8c07;7.72
643e211337d8d4a3d2c12ab4ba804814dd977354;8.03
6451995ad71437eece77b5677b3d5eead3b2d45c;7.32
646c8737a68c560054cc624da19920821d13990f;6.75
6475c391e6ec554f2bbe5a6460e5962a4af5ac65;8.58
647dd6aaab297d6a9328c244eec940904d58293b;7.47
648b6d4b1c95ee18825cb3cdd69c033a10f3633e;7.48
64bb0d71f782349bd0bce3ba44cf9b454bd46cfd;7.84
64c207f458782b92f681bc496f8a6763ac3b99c2;7.85
64d07438f7fbb0b4c2fece774289f09dbdf9de5f;7.34
6501a3dcdb9e3c5904a5820607f6ee354bbe0131;7.85
653de78f41ee12882a2cbc4177fb3c4e5c3eac28;8.21
655f5a83c42ccc83c7c0ac2caa5cd8237e685751;8.39
661f15eb45462975429d17bf60fc64df4cae4431;7.97
665aee398dbb98e56d2f171ef0bee4f6fedeac43;2.91
66735c0721a73fb4dd487e32adafb82c6016e6ea;7.98
66740228a725504db879896a9c28c03676fef710;7.47
66caffe338b5140bd8ac35fd0000f867266bd08a;8.12
66f103845d668685765328530c0aa2d71a0ce0d4;8.3
67118839ce79eab31a505fa22d378ff420ce006d;7.89
6729764776215a0456ef5332c5168b4db29314b4;8.79
673ca800a97efc5b14397e331006ebe67258bf1d;9.06
67b7c9f4a952be9c0f4759e1991d86a3e1fbbe58;6.6
67d64015616b9e7f49e213890b7b93a2f8796f07;8.69
67f697ac574661dca982dcd95ba358bde5b48a8e;7.24
6881032aa20fa792984ffb15d6b043b4228c1070;8.88
68c8fbedb26cd1376389edb04626dbeb90a065a0;8.03
68f0e46e53ed6791407294aa4e797d7d17a2b677;8.07
692e213a160245cc3c07bc300b6ada19b15089e4;6.83
692e3639f044b1dedc30d8b3a870bbe922a675fb;7.91
6941ef044510999dfc8a269ea9255f7b93505147;8.85
694d92685feec07c62b8aa4ccb73b39390f88515;8.83
697092af2e2891b76d0890069566c03468f975c0;8.89
6976ed8694419b21b0f2302b6d9db629ce0412e5;8.88
6978f24f45757e6d0c3a352bf35d073d14b46c6a;8.43
69826691e86b5085226acbcace467f656b83880e;8.89
6988cfcd0c8de2ee3ceb97a74aec90558ff0e26a;8.09
69b200a293efc47d832e89333a4adff338261538;7.52
69c377ef0f1c724f59024bd4c2a7fa5d36e50432;7.22
69eda57c9ffdf6f26c5dda66863ef865d07195d2;7.59
6a24473bc7b7d3e0a711d9195d9f792a24352436;8.94
6a321021dc357c030017f099c3d1b430bb0d1b65;8.4
6a535ac087403316d625c2ed4d5108d7d2d21edb;8.54
6aea2ab4cff49df8f384b81558264c1390a8cf06;7.73
6b05f3073cf136c387ede39d4e605eefa19a4886;7.5
6b1996be827950638657d6f5a23f4ab8a5a13be5;7.73
6b8a39007e56cacf54e6520da942fdb70d8d588e;7.33
6bdbd12c28f576e6dc4242177fbf9829e65c4726;7.12
6bdf2586c97f0954e728ef8a9ac5248d4c8270c1;7.95
6c374b4a75105783a809e8b6ba468da3200d0c1a;8.3
6c468e0d90bf790fd74609738544edd3f0e5c74c;8.32
6cbee42bf7c6251711a38683e4e1d6b15533f5a5;7.67
6cd8d19ff2089fdfa9cdcd521a40b1e247c17cd1;8.34
6cecf8c09c3c7ca888a6e3fc2ede03a820c9c82b;7.86
6d7ea5662a0aadc0fee9f82c02aa5e54da77f277;7.89
6dc988c0cbd4f0ba3d2217d8b84911b6a8d81c47;8.74
6dda317baa40f25506c299715efce489b916e52d;8.03
6dff6f1ca71378339e605de17936cff49dca5486;8.73
6e849b2924dd2fc0a7efc8ef0a5f614ce2409b4f;7.73
6ec34c1674a54a0b43f8bc4570e2188a4937da15;8.51
6eca9c1b4a046e9ceb3db39e478ccaa393117c3f;9.03
6eef887d0fd74edee1667f50dce5b41efbe0a180;8.08
6f52fb961b947325347f9303798fa6066967e407;7.9
6f5b8f8813e31d5f85f814585ee37e835a6c766b;7.47
6f99a507851fb9a8ae9776ede538789cae61a22a;7.32
6f9c45656b2c3a8cd9c394c878d0ec7d738be090;7.26
6fa8cdf96032a061ee3b601ee76a28dce25f4735;8.57
6fc4ddeb8a68d05ed8084b0d59d038f3649c10d9;8.18
6fda7242d55963e0014a8741b5fdd1bd4c34019f;8.65
701f03bc7072ef7b0114a4769bc8955e5e5c9af2;8.32
70442b24f09aaf25882d54ff0ec72738c00a41df;8.93
70586c4437f01c7ae612aa151f53958ac10a412e;8.36
705c7f16ba723569db2002204ff748355ef80e75;5.8
70b721dc3c7f45470e2eee858547f0546801327b;7.81
70cd793e026c0616c0a8186a1f2c5fa6d8816b49;8.02
710b29019a8c45dfca3eec6a5a92b7d3bfc06cb9;9.02
7121c17a0f6576cafa8c7c029158ad3a81873411;6.49
713487f0de26590bca3c759e2fef02b3a5bad9fd;7.9
713e625391a72ed8f0780919b1c3e45af56ff94b;7.35
7171736c863d464860b4e3f674d78a101f12de4d;7.44
7186e8a3fb8c0322eee7e354ed8f1669885f6774;2.7
71c2d42bc4f81d5dcabf57d19f862a3b781ebbbf;7.97
720ce5dcaede4e84cbbe7874961853e416f0d2a2;8.71
7277ea28c0232720e23ee3ba0dcbb84a273aa53c;8.11
72a34636b5a1de1c3796e43d5abc564b4d0803e7;7.33
72d8b05bb5beafe074185bec53d1c5338009a0cf;7.67
72ea15c6a9c0f4f176da99e9dfd445b347c2e219;8.04
72ebebdb431cf5dbd216ed0c16660f40a963b082;7.15
7316452530dd2fb2eb68d1fffeebef98bb730ae0;8.54
7323f16fa1027607f3f63cedb1cf2fea83dfcf76;9.09
73351e7d3ace1ea88b52e895d6fccc2f2bee88f3;8.22
7341e1b59de6c74569853631605d1dc2d2da2e0a;6.34
737dd3b5a70f36e8bb79f4c5cf86c7ccfb1e7d55;6.93
739d06c41287f6661d2c1879f42b56d45454e815;7.78
73a272eb71cab822302a981b1748230c3ec8b8ef;8.39
73af3f8e00b50a4444bbbb431c83075dfde4cbd6;7.78
73c38d8466f153b974c09c066d1469f63b856d07;8.48
73c938c3db512a2d6b136fa924a8ed2e608b7790;7.68
73ec1e02101d9e26fb75fe8580eec218d09ba78b;6.24
73ffb966a8305f3cc46f3447459b4224128cd53b;9.03
74381df8a16f12280ebd12d45f8fff4fbcbcc4c8;7.93
746be138d650a2627e814da73cf09cfbf3127bd4;6.38
7480543e3bc777391a4c3f06cb1c03920f6fa2a4;7.54
7494b38c6d82b590c4afa6cc975f583f51395177;8.61
749e9b42869140690bb32bb198ccab1f899cc36c;8.65
74ca49651c685988e265884821dcfe0961a1ebdf;8.74
759ad13a7de3fc28a9ab95c56d2845442528e907;6.65
75aa1fd61921d68f59be09d2146a4b2b9442f41f;7.18
75b4f05700440a54255124cf44b8ca0d4252df85;8.8
75c2aec59b46e4c6745540c0af596b8cc6db5cb5;8.21
75ef6c3aff156ef52aa846c2fc3b26271e50e335;7.26
761459daa69061bdf66d850ebf8877f0c84e48ae;6.9
76578f23a12fae71dcf7aff5aa48a7ace122f5f2;8
766fb145487f13f1cbb3fae79c2345c8786c1542;7.66
769df9fad97e6d153e170a9ec41e33e8410f4b6b;7.6
76a99a326da360af0510be654283819bb4717d9a;9.16
76adaa79b0d19f7d32da3bf027c2b4fb995952ec;8.14
76cd92b2caf3ba3f11f97bcf4e037fae81122578;9.06
76f5d35cd62f4c2d48632c8b82a04bed0e161226;6.7
77051baba74aab402905de65e8e0bf18e2907ca8;8.99
771f7a4ff0b16239a5f4a828485e057bd3069308;6.9
77454c216b4f9b1e291fea17f31a824ef4d0a4a6;7
77f0f8d9b0f3d59cd0bb01ae985a5ada6fc14dc1;7.84
7808a1989290cbf25b57bd60e74c56662eeba656;6.46
78269c872dcec789b204623749f7d1bae813fe49;7.93
7855b4de6d964e1f7477a3a40d384de9f4602f49;8.21
785b27857468f61bde60ab25c5509e8ed38155d7;8.54
787ac9013d322ae24dda40f918c05f9fe47601ca;8.39
78ca432228d8679112c09d9b3d50491c5539681a;8.11
78d8860538c6853a9c13a0c232dadcfa0d516f08;7.77
78ede02e6c03a1eb32ff3f464f4f7ae3e6510766;7.21
791e60a07f6b6776d54f791791828b1895c9b670;6.8
7953012ece7e7f5c184ec3ce99de925dc01c46ef;8.59
797a55490bd05c98e9b604b19c3ab90125c9431b;7.12
797c7c555f32a47816ca7f0c017002a2131c132a;6.93
7985b1dc9dd0dab814afa417245073d1d74f85ea;7.72
798e6393c36bd3b6dc0a9f97de7d4c87a6e5b252;6.58
79a8ea0acc62c00cbe9e6899917fdd233232ee12;9.3
79c48e970f8b0e7a0e074bf7f0a3f201737dde3c;7.72
79f071f88a5c4c3bd278b93f9f622e90e15a10f0;7.7
79fb09750bdb85310622bf240e1060ef8de8bce1;7.1
7a0e5d245539a1b2906358ad255a4375f914d37c;7.7
7a7bd043dfb44f7b90dcb37b669e89afcd79d234;6.95
7adf3466bea259fdaa24fa131ca2c4d63e9a59e6;7.24
7adf5597380b3d9048a47387095d5342a24c07da;7.74
7b27fcdea3732f654b3a3cb4ee1517e8203645a2;8.58
7b3d30b5f05d1acd3bd4979bd8e18efaafdcbc62;8.12
7b6c995004d7267af856efa19b12c7455bccdbd8;8.77
7b7d0625e7d073af7c6fa7c1df5ca43ab1232aba;7.31
7bb8bff124f651711732b84262474e1acba69082;7.84
7cac45d03854038e6854f5b1843cd491021f94bd;6.33
7d111d42f139f151fc24ddcd89c3064467ebceb8;8.01
7d9accfb703fb86e2d5f39929309e7f273b46c79;8.39
7dc6bcdd4ba4cc84cdbf70b50cb26a72cec3db1e;8.66
7dee913006479ffaff17ebed5a0b172112a0e115;8.02
7df2a39d7e572a525fc26d9633039d83b900ed61;8.81
7e4e1a800af30eb9922c09f9d751b0873e0dc467;8.74
7e585ba8095284ba4d7f920b37ee3e76ab6caa4c;7.33
7e783577c8297bd74f8f12a2d4787f9cdfdfee02;6.19
7ee4cfff4c6cd84aa82b14208a75df86bcff9fba;8.56
7eeef145cb4a17be79b2251b164bcaf5d15a4995;6.34
7f2bf222342aac2992fe15f12039b9f7123524c6;8.56
7f5f84b208b2889ece946b277eaca95d838072bd;8.12
7f8b72d92d190113dbc807befe9e8033ecdda75f;8.64
7faa61077b62629df7a5b7c828f98b2337a2dfdb;7.5
80212c0b606f5dcba043483a07f677a5455c3901;8.3
802b44166f1c38ec00397c57abdf65b7596b9f0e;8.18
806b5e171e5cd80e62cc28bc7fb644f6b50399de;7.02
80a1456c85989c36b524eb16f1afdfa2c5480121;9.24
80c6f8b8c212e86aac90ea06ba6dff1bad8b5541;7.84
80cb3c3cef8030674baa141475951b20ae73089a;7.86
80dd54e80df2e8833ebb3927fd55a514dcfe637d;8.7
80fc80505e08153a938e34945ea74064467c5e12;7.22
8142efda300bc5bd5a3368d957f2904fb41a6062;8.59
816aa6a9aceb1014260977a52d4ad600065ed4d2;8.91
816dc441871b06aa3616402b7d2635c5b77f3d8f;8.44
81f9930593d1612075b0a4831e1219e9ebbe5aac;6.97
81fbb8b81316a0ddabd7838b1b9ecfaee762f70f;8.99
81fcf2e137c8587b8663ffec7ba1d8184be705b7;5.94
820104bdd2c9a722be349ae3a23eb42926eac969;7.22
825e4001677d8644d6df773aea2f924c45d47318;8.37
82ab2a968469bfa6a3dd02ca619f80a440ff3b98;7.64
82edc69e489959e8b7453b8e3c89c11f2e3e4830;7.6
82f9404672305675b631cad221087429c078b8ea;6.86
8319f9e5000e715c176f1de5d0e33da0b25481f3;8.37
835496e3328ccd7ac2ffed3867840e1dce5da83f;6.91
83c0d2f69c3628797f0d6f343c4cd6276dc9d15e;8.78
83d335d59714648643c6ca68c522a9a37bc9d8ae;7.6
83e22c7d80399e360122a5d33f26844b8c04a6af;7.18
83e4ca230ab9b35d221d09d335850af44966b772;6.75
840d07858c03f80f4695056e2cc7d0c474b83a25;7.67
844f5db2e7e31ae51eba025480679ed7e4708ac6;7.54
845acd04a77b3d1b623f255d9f9f8eae90892dab;7.49
8460eaaf887a6289fb156f7562fb739ba8e9629e;8.94
8481a7f00c3d30473b01a8a3cff2564948d24902;7.3
